dataset,model,box_mean_precision,box_mean_recall,box_mean_f1,box_mAP@50,box_mAP@50-95,seg_mean_precision,seg_mean_recall,seg_mean_f1,seg_mAP@50,seg_mAP@50-95
BCNB,yolo12,0.4496753246753247,0.1497297297297297,0.224655312246553,0.2768707592685631,0.1533361865073471,,,,,
BCNB,rtdetr,0.269877081938857,0.2572972972972973,0.2634370960362747,0.1830899137754844,0.0846166650969142,,,,,
BCNB,yolo8,0.3761194029850746,0.1362162162162162,0.1999999999999999,0.2313948943429808,0.1259498684277674,,,,,
BCNB,yolo9,0.4685138539042821,0.1005405405405405,0.1655540720961281,0.2676671234668522,0.1432326875098763,,,,,
BCNB,yolo10,0.5191489361702127,0.0659459459459459,0.1170263788968825,0.2809482558942874,0.1507780737605741,,,,,
BCNB,yolo11,0.4105793450881612,0.1762162162162162,0.2465960665658093,0.2663632424971557,0.1472382444782384,,,,,
BCNB,yolo12,0.4595041322314049,0.1502702702702702,0.2264765784114052,0.2852359896059111,0.1553051852069496,,,,,
BCNB,yoloe,0.3395113732097725,0.2178378378378378,0.2653934804082976,0.2426581951712251,0.1227801650708462,0.3327716933445661,0.2135135135135135,0.2601251234771154,0.2376230820461689,0.1160152735600394
BCNB,yolow,0.4253731343283582,0.12324324324324325,0.19111483654652137,0.2519675529002267,0.1410976858888662,,,,,
