dataset,model,box_mean_precision,box_mean_recall,box_mean_f1,box_mAP@50,box_mAP@50-95,seg_mean_precision,seg_mean_recall,seg_mean_f1,seg_mAP@50,seg_mAP@50-95
nuclei,yolo12,0.3175,0.4890885750962773,0.3850429509853461,0.3183709272462098,0.1933123707972181,,,,,
nuclei,yoloe,0.4312617702448211,0.44094993581514763,0.436052046969216,0.4103352822419391,0.22202811633907463,0.34400502197112365,0.35173299101412064,0.3478260869565217,0.302099093360397,0.11273406297970352
