dataset,model,box_mean_precision,box_mean_recall,box_mean_f1,box_mAP@50,box_mAP@50-95,seg_mean_precision,seg_mean_recall,seg_mean_f1,seg_mAP@50,seg_mAP@50-95
TNBC,yolo12,0.9377777777777778,0.8307086614173228,0.8810020876826723,0.9044853496370004,0.6703807577383738,,,,,
TNBC,rtdetr,0.2488888888888888,0.8818897637795275,0.3882149046793761,0.3343087656464802,0.18189714157714,,,,,
TNBC,yolo8,0.9208723040704292,0.8705458075908891,0.8950021420645712,0.9237306656231864,0.6500353901583119,,,,,
TNBC,yolo9,0.8919935771972483,0.8778944561867457,0.8848878591245353,0.9302167004213314,0.5970424639732272,,,,,
TNBC,yolo10,0.8838174273858921,0.8385826771653543,0.8606060606060606,0.8881569082283713,0.6416091697744098,,,,,
TNBC,yolo11,0.9361702127659576,0.8661417322834646,0.8997955010224948,0.9229148270739544,0.671947964868058,,,,,
TNBC,yolo12,0.9224489795918368,0.889763779527559,0.9058116232464928,0.9304444498903296,0.6760231730410836,,,,,
TNBC,yoloe,0.9214876033057852,0.8779527559055118,0.8991935483870968,0.9198492513423244,0.6014570929212124,0.9338842975206612,0.889763779527559,0.9112903225806452,0.9294743958459084,0.5582602849761108
TNBC,yolow,0.9213973799126638,0.8307086614173228,0.8737060041407868,0.899100721441741,0.6493932789839789,,,,,
