dataset,model,box_mean_precision,box_mean_recall,box_mean_f1,box_mAP@50,box_mAP@50-95,seg_mean_precision,seg_mean_recall,seg_mean_f1,seg_mAP@50,seg_mAP@50-95
CryoNuSeg,yolo12,0.759398402476876,0.7297297297297297,0.7442685139195989,0.7808823874292726,0.4987758490536597,,,,,
CryoNuSeg,yoloe,0.7595907928388747,0.6174636174636174,0.6811926605504586,0.6778360939528694,0.3589005399401378,0.7647058823529411,0.6216216216216216,0.6857798165137615,0.6803301212101281,0.3802986750630969
